Participant,Load (kWh),PV (kWh),Share (%),Baseline Cost (€),With Battery (€),Savings (€),Savings (%)
P1,135.88901607013972,71.39675861358512,19.136424140170792,1998.0837991779968,25.610680364386486,1972.4731188136102,98.71823792500982
P2,174.23826360752042,85.19700112869131,24.536915567328734,2561.963150365268,32.83827203660561,2529.1248783286624,98.71823792500982
P3,102.36636472508889,70.77880044047544,14.415632916611967,1505.1737134690388,19.29274582196748,1485.8809676470714,98.71823792500983
P4,127.09146881236771,58.564880443025515,17.897519035206123,1868.726496015363,23.952627511217777,1844.7738685041452,98.71823792500982
P5,170.52151420272077,86.94175925841844,24.013508340682378,2507.312840972333,32.137785096942174,2475.175055875391,98.71823792500983
